{
  "manifest": {
    "apis": {
      "custom": {
        "endpoint": {
          "uri": "arn:aws:lambda:us-east-1:128620648510:function:ask-learning-assistant-default-AlexaSkillFunction-B5A5Y13VYLSY"
        },
        "interfaces": [],
        "regions": {
          "EU": {
            "endpoint": {
              "uri": "arn:aws:lambda:eu-west-1:128620648510:function:ask-learning-assistant-EU-skill-AlexaSkillFunction-1WFMQWK9OOAZ3"
            }
          }
        }
      }
    },
    "manifestVersion": "1.0",
    "privacyAndCompliance": {
      "allowsPurchases": false,
      "containsAds": false,
      "isChildDirected": false,
      "isExportCompliant": true,
      "locales": {
        "en-US": {
          "privacyPolicyUrl": "https://www.andreasjakl.com/privacy-policy-and-terms-of-use-for-alexa-skill/",
          "termsOfUseUrl": "https://www.andreasjakl.com/privacy-policy-and-terms-of-use-for-alexa-skill/"
        },
        "de-DE": {
          "privacyPolicyUrl": "https://www.andreasjakl.com/privacy-policy-and-terms-of-use-for-alexa-skill/",
          "termsOfUseUrl": "https://www.andreasjakl.com/privacy-policy-and-terms-of-use-for-alexa-skill/"
        }
      },
      "usesPersonalInfo": true
    },
    "publishingInformation": {
      "automaticDistribution": {
        "isActive": true,
        "sourceLocaleForLanguages": [
          {
            "language": "de",
            "sourceLocale": "de-DE"
          },
          {
            "language": "en",
            "sourceLocale": "en-US"
          }
        ]
      },
      "category": "EDUCATION_AND_REFERENCE",
      "distributionCountries": [],
      "isAvailableWorldwide": true,
      "locales": {
        "de-DE": {
          "description": "Fällt es dir schwer, für die Prüfungen zu lernen - gerade jetzt, wo du durch Online-Unterricht immer mehr Zeit vor dem Computer verbringen musst? Voice Learning hilft dir, die wichtigsten Themen deiner Kurse zu wiederholen. Und zwar nicht, in dem du vor deinem Computer sitzt oder Bücher list - sondern durch Sprache.\n\nDer Voice Learning Skill wird die wichtigsten Fragen und Konzepte deiner Kurse wiederholen, entweder als ja/nein-Fragen oder als Multiple Choice-Fragen. Nach deiner Antwort erfährst du sofort, ob du richtig gelegen bist. Voice Learning speichert deinen Fortschritt und priorisiert Fragen, die du öfters falsch beantwortet hast, damit du diese wiederholen kannst, bis du dir die richtige Antwort merkst!\n\nDer Skill wurde speziell für die Fachhochschule St. Pölten in Österreich entwickelt. Er enthält Fragen für einige unserer Lehrveranstaltungen. Der Code ist jedoch komplett Open Source: andere Universitäten oder Firmen können ihn also leicht an ihre Bedürfnisse anpassen und ihre eigenen Inhalte bereitstellen!",
          "examplePhrases": [
            "Alexa starte Voice Learning",
            "Alexa öffne Voice Learning"
          ],
          "keywords": [
            "lernen",
            "training",
            "merken",
            "universität",
            "kurse",
            "flashcards",
            "lehrveranstaltung"
          ],
          "largeIconUri": "https://s3.amazonaws.com/CAPS-SSE/echo_developer/48b7/10ee5362e0714e379a895a8b2cf2d193/APP_ICON_LARGE?versionId=EwhnL3sSc0J5aCvuGuisSIg8CSGQTXXV&X-Amz-Algorithm=AWS4-HMAC-SHA256&X-Amz-Date=20210804T080853Z&X-Amz-SignedHeaders=host&X-Amz-Expires=86400&X-Amz-Credential=AKIAWBV6LQ4QMBDMF43H%2F20210804%2Fus-east-1%2Fs3%2Faws4_request&X-Amz-Signature=0bae70be123efebbc0f7cc5b6415ca20f65cdb1e64868c2ad2c5538f9e34558c",
          "name": "Voice Learning an der FH St. Pölten",
          "smallIconUri": "https://s3.amazonaws.com/CAPS-SSE/echo_developer/4a96/86f4bc2eab824415bd986830242b5d17/APP_ICON?versionId=X3.fUbakjLnCR.YC2tTLQyppx35DHiyv&X-Amz-Algorithm=AWS4-HMAC-SHA256&X-Amz-Date=20210804T080853Z&X-Amz-SignedHeaders=host&X-Amz-Expires=86400&X-Amz-Credential=AKIAWBV6LQ4QMBDMF43H%2F20210804%2Fus-east-1%2Fs3%2Faws4_request&X-Amz-Signature=d3e75d3c3bea1ad86bab8c7e2e05b4f5c520d0c1fffdb997b68370715656fde2",
          "summary": "Hilft dir, die wichtigsten Konzepte deiner Lehrveranstaltungen zu wiederholen."
        },
        "en-US": {
          "description": "Do you have difficulties learning for your exams - especially now with remote learning and even more time in front of your computer? Voice Learning helps you repeat the most important topics of your courses. Not by sitting in front of your computer or reading books, but just by talking.\n\nThe Voice Learning skill will ask you key questions and concepts, either as yes/no questions or multiple choice questions. After your answer, the skill will tell you if you were right. Voice Learning also keeps track of your progress and prioritizes questions you got wrong so that you can repeat them until you remember the right answer!\n\nThe skill was specifically developed for the University of Applied Sciences in St. Pölten, Austria. It contains questions for several of our courses. However, its code is completely open source - so it's easy for other universities or companies to adapt it to their own needs and feed in their own content!",
          "examplePhrases": [
            "Alexa open voice learning",
            "Alexa start voice learning"
          ],
          "keywords": [
            "learning",
            "training",
            "remember",
            "university",
            "courses",
            "flashcards",
            "lectures"
          ],
          "largeIconUri": "https://s3.amazonaws.com/CAPS-SSE/echo_developer/1458/035f8c508aa740349c8b9aa1e4c448bf/APP_ICON_LARGE?versionId=HC.4NKW_VxdCueSfOIm28pCWq_YDCUo0&X-Amz-Algorithm=AWS4-HMAC-SHA256&X-Amz-Date=20210804T080853Z&X-Amz-SignedHeaders=host&X-Amz-Expires=86400&X-Amz-Credential=AKIAWBV6LQ4QMBDMF43H%2F20210804%2Fus-east-1%2Fs3%2Faws4_request&X-Amz-Signature=c023e8b8f7a740c0c264e93d01e5bbe56da39edb5b0c50d99576be843a81c2d8",
          "name": "Voice Learning at the St. Pölten UAS",
          "smallIconUri": "https://s3.amazonaws.com/CAPS-SSE/echo_developer/2710/f3976cc07df44db2ab0659bc5aa0595b/APP_ICON?versionId=tiYGPfQjmaNzoQncm3ResTqrdCyKmOPc&X-Amz-Algorithm=AWS4-HMAC-SHA256&X-Amz-Date=20210804T080853Z&X-Amz-SignedHeaders=host&X-Amz-Expires=86400&X-Amz-Credential=AKIAWBV6LQ4QMBDMF43H%2F20210804%2Fus-east-1%2Fs3%2Faws4_request&X-Amz-Signature=3edc725405bb290786d9573d81e6a5b85d8cdbf5a89da083c3f6021a86946f19",
          "summary": "Helps you learn and remember important concepts from your lectures."
        }
      },
      "testingInstructions": "No special instructions right now, the skill only asks the first name but is not currently tied to more specific personal information or any 3rd party login system."
    }
  }
}