{
  "interactionModel": {
    "languageModel": {
      "invocationName": "voice learning",
      "intents": [
        {
          "name": "AMAZON.CancelIntent",
          "samples": []
        },
        {
          "name": "AMAZON.HelpIntent",
          "samples": []
        },
        {
          "name": "AMAZON.StopIntent",
          "samples": []
        },
        {
          "name": "AMAZON.NavigateHomeIntent",
          "samples": []
        },
        {
          "name": "ChooseCourseIntent",
          "slots": [
            {
              "name": "course",
              "type": "CourseName"
            }
          ],
          "samples": [
            "Kurs {course}",
            "Starte {course}",
            "Ich will {course} üben",
            "Trainiere {course}",
            "{course}",
            "Starte Kurs {course}"
          ]
        },
        {
          "name": "AMAZON.YesIntent",
          "samples": []
        },
        {
          "name": "AMAZON.NoIntent",
          "samples": []
        },
        {
          "name": "NumericAnswerIntent",
          "slots": [
            {
              "name": "numericAnswer",
              "type": "AMAZON.NUMBER"
            }
          ],
          "samples": [
            "Die Antwort ist {numericAnswer}",
            "Es ist {numericAnswer}",
            "Ich wähle {numericAnswer}",
            "Ich denke {numericAnswer}",
            "{numericAnswer}",
            "Meine Antwort ist {numericAnswer}"
          ]
        },
        {
          "name": "ResumeCourseIntent",
          "slots": [],
          "samples": [
            "Bitte fortsetzen",
            "Ich würde gerne fortsetzen",
            "Ich will weiter machen",
            "Ich will fortsetzen",
            "Ich will den Kurs fortsetzen",
            "Weiter",
            "Fortsetzen",
            "Kurs Fortsetzen",
            "Lehrveranstaltung fortsetzen",
            "Noch einmal",
            "Noch ein Training starten",
            "Noch ein Training"
          ]
        },
        {
          "name": "DeleteDataIntent",
          "slots": [],
          "samples": [
            "Lösche meinen Fortschritt",
            "Lösche meine Daten",
            "Entferne meine Daten",
            "Lösche alles was du über mich weißt",
            "Vergiss meine Daten"
          ]
        },
        {
          "name": "ListCoursesIntent",
          "slots": [],
          "samples": [
            "Liste der Trainings",
            "Liste der Kurse",
            "Welche Lehrveranstaltungen gibt es",
            "Welche Lehrveranstaltungen stehen zur Verfügung",
            "Bitte starte ein anderes Training",
            "Bitte starte einen anderen Kurs",
            "Ich würde gerne einen andernen Kurs starten",
            "Starte ein anderes Training",
            "Starte einen anderen Kurs",
            "Welche Trainings kann ich machen",
            "Welche Trainings sind verfügbar",
            "Liste der Lehrveranstaltungen",
            "Welche Kurse kann ich machen",
            "Welche Lehrveranstaltungen kann ich machen",
            "Welche Trainings hast du",
            "Welche Kurse sind verfügbar"
          ]
        },
        {
          "name": "AMAZON.FallbackIntent",
          "samples": []
        },
        {
          "name": "TrueFalseAnswerIntent",
          "slots": [
            {
              "name": "TrueFalse",
              "type": "TrueFalse"
            }
          ],
          "samples": [
            "Ich denke {TrueFalse}",
            "Ich denke es ist {TrueFalse}",
            "Die Antwort ist {TrueFalse}",
            "{TrueFalse}",
            "Es ist {TrueFalse}"
          ]
        }
      ],
      "types": [
        {
          "values": [
            {
              "id": "2",
              "name": {
                "value": "3D Visualization",
                "synonyms": [
                  "3D Grafik",
                  "Drei D Visualisierung",
                  "3D Visualisierung",
                  "Visualisierung",
                  "visualisation",
                  "visualization",
                  "Graphics",
                  "Visualization",
                  "Three Dee Graphics",
                  "3D Graphics"
                ]
              }
            },
            {
              "id": "1",
              "name": {
                "value": "Web Technologies",
                "synonyms": [
                  "Internet Technologien",
                  "Web Technologien",
                  "Web Tech",
                  "Internet",
                  "Web"
                ]
              }
            }
          ],
          "name": "CourseName"
        },
        {
          "values": [
            {
              "name": {
                "value": "falsch",
                "synonyms": [
                  "ungültig",
                  "nicht korrekt",
                  "unkorrekt"
                ]
              }
            },
            {
              "name": {
                "value": "wahr"
              }
            }
          ],
          "name": "TrueFalse"
        }
      ],
      "modelConfiguration": {
        "fallbackIntentSensitivity": {
          "level": "LOW"
        }
      }
    }
  },
  "version": "47"
}