{
  "interactionModel": {
    "languageModel": {
      "invocationName": "voice learning",
      "intents": [
        {
          "name": "AMAZON.CancelIntent",
          "samples": []
        },
        {
          "name": "AMAZON.HelpIntent",
          "samples": []
        },
        {
          "name": "AMAZON.StopIntent",
          "samples": []
        },
        {
          "name": "AMAZON.NavigateHomeIntent",
          "samples": []
        },
        {
          "name": "ChooseCourseIntent",
          "slots": [
            {
              "name": "course",
              "type": "CourseName"
            }
          ],
          "samples": [
            "Lecture {course}",
            "Start {course}",
            "I want to train {course}",
            "Train {course}",
            "{course}",
            "Start course {course}"
          ]
        },
        {
          "name": "AMAZON.YesIntent",
          "samples": []
        },
        {
          "name": "AMAZON.NoIntent",
          "samples": []
        },
        {
          "name": "NumericAnswerIntent",
          "slots": [
            {
              "name": "numericAnswer",
              "type": "AMAZON.NUMBER"
            }
          ],
          "samples": [
            "The answer is {numericAnswer}",
            "It is {numericAnswer}",
            "I choose {numericAnswer}",
            "I think {numericAnswer}",
            "{numericAnswer}",
            "My answer is {numericAnswer}"
          ]
        },
        {
          "name": "ResumeCourseIntent",
          "slots": [],
          "samples": [
            "Please resume",
            "I would like to resume",
            "I want to continue",
            "I want to resume",
            "I want to resume the course",
            "Continue",
            "Resume",
            "Continue course",
            "Resume course",
            "Train again",
            "Again"
          ]
        },
        {
          "name": "DeleteDataIntent",
          "slots": [],
          "samples": [
            "Remove my progress",
            "Remove my data",
            "Clean my data",
            "Clear my data",
            "Delete everything you know about me",
            "Forget my data",
            "Delete my data"
          ]
        },
        {
          "name": "ListCoursesIntent",
          "slots": [],
          "samples": [
            "Please start another tranining",
            "Please start another course",
            "I would like to start another course",
            "Start another training",
            "Start another course",
            "What trainings can i do",
            "List available courses",
            "List courses",
            "Which trainings are available",
            "What can I do",
            "Which courses can I do",
            "Which trainings can I do",
            "Which trainings do you have",
            "Which courses are available"
          ]
        },
        {
          "name": "AMAZON.FallbackIntent",
          "samples": []
        },
        {
          "name": "TrueFalseAnswerIntent",
          "slots": [
            {
              "name": "TrueFalse",
              "type": "TrueFalse"
            }
          ],
          "samples": [
            "I think {TrueFalse}",
            "I think it is {TrueFalse}",
            "The answer is {TrueFalse}",
            "{TrueFalse}",
            "It is {TrueFalse}"
          ]
        }
      ],
      "types": [
        {
          "values": [
            {
              "id": "2",
              "name": {
                "value": "3D Visualization",
                "synonyms": [
                  "visualisation",
                  "visualization",
                  "Graphics",
                  "Visualization",
                  "Three Dee Graphics",
                  "3D Graphics"
                ]
              }
            },
            {
              "id": "1",
              "name": {
                "value": "Web Technologies",
                "synonyms": [
                  "Web Tech",
                  "Internet",
                  "Web"
                ]
              }
            }
          ],
          "name": "CourseName"
        },
        {
          "values": [
            {
              "name": {
                "value": "false",
                "synonyms": [
                  "invalid",
                  "not correct",
                  "incorrect",
                  "wrong"
                ]
              }
            },
            {
              "name": {
                "value": "true",
                "synonyms": [
                  "valid"
                ]
              }
            }
          ],
          "name": "TrueFalse"
        }
      ],
      "modelConfiguration": {
        "fallbackIntentSensitivity": {
          "level": "LOW"
        }
      }
    }
  },
  "version": "63"
}